date	model	task	seed	seconds	vram_peak_mib	mode	file
2026-09-28	qwen-image-2.1	01_arbeitsszene	42	155.0	19391	RGBA	01_arbeitsszene_s42.png
2026-09-28	qwen-image-2.1	02_deutscher_text	42	109.4	19499	RGBA	02_deutscher_text_s42.png
2026-09-28	qwen-image-2.1	03_piktogramm	42	108.8	19485	RGBA	03_piktogramm_s42.png
2026-09-28	qwen-image-2.1	04_haende	42	110.6	19486	RGBA	04_haende_s42.png
2026-09-28	qwen-image-2.1	05_schema	42	107.9	19470	RGBA	05_schema_s42.png
2026-09-28	qwen-image-2.1	06_hund	42	109.3	19484	RGBA	06_hund_s42.png
2026-09-28	qwen-image-2.1	07_katze	42	108.7	19467	RGBA	07_katze_s42.png
2026-09-28	qwen-image-2.1	08_pferd	42	109.0	19476	RGBA	08_pferd_s42.png
2026-09-28	qwen-image-2.1	02_deutscher_text	7	109.0	19486	RGBA	02_deutscher_text_s7.png
2026-09-28	qwen-image-2.1	02_deutscher_text	13	108.8	19481	RGBA	02_deutscher_text_s13.png
2026-09-28	qwen-image-2.1	02_deutscher_text	55	108.8	19483	RGBA	02_deutscher_text_s55.png
2026-09-28	qwen-image-2.1	02_deutscher_text	99	108.9	19481	RGBA	02_deutscher_text_s99.png
2026-09-28	qwen-image-2.1	02_deutscher_text	101	108.8	19481	RGBA	02_deutscher_text_s101.png
2026-09-28	qwen-image-2.1	02_deutscher_text	314	108.9	19479	RGBA	02_deutscher_text_s314.png
2026-09-28	qwen-image-2.1	02_deutscher_text	512	108.8	19481	RGBA	02_deutscher_text_s512.png
2026-09-28	qwen-image-2.1	02_deutscher_text	777	108.8	19479	RGBA	02_deutscher_text_s777.png
2026-09-28	qwen-image-2.1	02_deutscher_text	1001	109.0	19483	RGBA	02_deutscher_text_s1001.png
2026-09-28	qwen-image-2.1	02_deutscher_text	1234	108.8	19479	RGBA	02_deutscher_text_s1234.png
2026-09-28	qwen-image-2.1	02_deutscher_text	1618	108.9	19481	RGBA	02_deutscher_text_s1618.png
2026-09-28	qwen-image-2.1	02_deutscher_text	2026	108.9	19479	RGBA	02_deutscher_text_s2026.png
2026-09-28	qwen-image-2.1	02_deutscher_text	3141	108.8	19483	RGBA	02_deutscher_text_s3141.png
2026-09-28	qwen-image-2.1	02_deutscher_text	8888	108.9	19479	RGBA	02_deutscher_text_s8888.png
2026-09-28	qwen-image-2.1	09_transparent	42	108.4	19475	RGBA	09_transparent_s42.png
